id,password,name,surname,dateOfBirth,address,contactPhone,email
447695297,1234567890,Sarah,Peretz,Fri May 29 1992 03:00:00 GMT+0300 (Israel Daylight Time),28 Ibn Gabirol St Holon Israel,-1567,qltvry@yahoo.com
123455678,1234567890,Chris,Hanseen,Fri Jun 29 1962 02:00:00 GMT+0200 (Israel Daylight Time),28 G.Bush St quienton TX,-1567,Chrisgoncatchyall@yahoo.com
377421961,1234567890,Michael,Sharon,Sat May 21 1955 02:00:00 GMT+0200 (Israel Daylight Time),74 King George St Ashdod Israel,-6087,enym@hotmail.com
183623800,1234567890,Jacob,Avraham,Wed Jan 31 2001 00:00:00 GMT+0200 (Israel Standard Time),29 Dizengoff St Eilat Israel,-9140,javraham3101@hotmail.com
412365645,1234567890,Hannah,Avraham,Sat Nov 13 1976 02:00:00 GMT+0200 (Israel Standard Time),41 King George St Netanya Israel,-6073,hannah1976@hotmail.com
914842901,1234567890,David,Levi,Thu Dec 11 1958 02:00:00 GMT+0200 (Israel Standard Time),47 Ibn Gabirol St Haifa Israel,-6179,ld05@hotmail.com
740190681,1234567890,Hannah,Weiss,Sat Feb 09 1985 02:00:00 GMT+0200 (Israel Standard Time),84 Dizengoff St Tel Aviv Israel,-2441,kshktr@hotmail.com
287823579,1234567890,David,Mizrahi,Thu Jan 07 1965 02:00:00 GMT+0200 (Israel Standard Time),73 Ben Yehuda St Holon Israel,-8144,ytskhqkhlylh@bvkhbvt-qrmr.com
255888158,1234567890,Jacob,Cohen,Tue Aug 06 1946 03:00:00 GMT+0300 (Israel Daylight Time),1 Jabotinsky St Jerusalem Israel,-3755,xrvn@sbg.biz
785176546,1234567890,Jacob,Peretz,Tue Mar 30 1965 02:00:00 GMT+0200 (Israel Daylight Time),72 King George St Eilat Israel,-4355,shyrh58@khvry-gvln.com
872212980,1234567890,Sarah,Sharon,Thu Jan 11 1979 02:00:00 GMT+0200 (Israel Standard Time),70 Herzl St Eilat Israel,-2524,mykllyhv@vkhnh.info
482789112,1234567890,Jacob,Sharon,Sun Oct 23 1955 02:00:00 GMT+0200 (Israel Standard Time),96 Dizengoff St Netanya Israel,-1215,ymzrkhy@sdy.com
631434214,1234567890,Nathan,Weiss,Sun Feb 01 1976 02:00:00 GMT+0200 (Israel Standard Time),118 Ibn Gabirol St Tel Aviv Israel,-8341,xshmvny@hotmail.com
203191861,1234567890,Hannah,Barak,Mon Feb 26 1962 02:00:00 GMT+0200 (Israel Standard Time),179 Herzl St Ashdod Israel,-1764,hnyh00@gmail.com
895639847,1234567890,Emily,Peretz,Sun May 28 1995 03:00:00 GMT+0300 (Israel Daylight Time),196 King George St Tel Aviv Israel,-1276,khvhtl@yahoo.com
190532663,1234567890,Rachel,Mizrahi,Thu Oct 14 2004 02:00:00 GMT+0200 (Israel Standard Time),6 Ben Yehuda St Eilat Israel,-6580,vkhyvnmvkhmd@shmsh-brvn.com
966052870,1234567890,Emily,Levi,Tue Jan 15 1935 02:00:00 GMT+0200 (Israel Standard Time),8 Ben Yehuda St Tel Aviv Israel,-1491,yvlybnymyn@ymyn.info
202064119,1234567890,Sarah,Cohen,Thu May 29 1947 02:00:00 GMT+0200 (Israel Daylight Time),154 Ibn Gabirol St Haifa Israel,-4588,ryqvbvbyts@gmail.com
321634560,1234567890,Rachel,Barak,Sat Dec 31 1994 02:00:00 GMT+0200 (Israel Standard Time),136 Ben Yehuda St Haifa Israel,-1520,lvykrym@mr.com
861442341,1234567890,Joshua,Mizrahi,Tue Aug 09 1977 02:00:00 GMT+0200 (Israel Standard Time),47 Dizengoff St Eilat Israel,-7954,hkhn@hotmail.com
224095588,1234567890,David,Rosenthal,Thu Aug 07 1952 03:00:00 GMT+0300 (Israel Daylight Time),96 Ibn Gabirol St Eilat Israel,-6640,yqb86@rz.com
710212507,1234567890,Daniel,Peretz,Mon Jul 19 1982 02:00:00 GMT+0200 (Israel Standard Time),104 Ibn Gabirol St Haifa Israel,-2913,dmkhn@slvmvn.com
802399279,1234567890,David,Barak,Sun Feb 12 1950 02:00:00 GMT+0200 (Israel Standard Time),151 Herzl St Rishon LeZion Israel,-7753,nysymhrn@svd.com
416236297,1234567890,Michael,Avraham,Thu Mar 08 1934 02:00:00 GMT+0200 (Israel Standard Time),9 Ben Yehuda St Jerusalem Israel,-5500,uddvn@nym.com
286728118,1234567890,Hannah,Barak,Sat Jul 27 1940 03:00:00 GMT+0300 (Israel Daylight Time),80 Ben Yehuda St Jerusalem Israel,-1269,vvdh@yahoo.com
447465402,1234567890,Daniel,Cohen,Mon Jan 26 1942 03:00:00 GMT+0300 (Israel Standard Time),77 Jabotinsky St Jerusalem Israel,-3977,lvybyshy@hotmail.com
714200763,1234567890,Rachel,Weiss,Wed Oct 19 1955 02:00:00 GMT+0200 (Israel Standard Time),120 Ibn Gabirol St Eilat Israel,-7119,khvgyrtlyh@qlyyn.info
136839107,1234567890,Jacob,Peretz,Fri Aug 26 1955 03:00:00 GMT+0300 (Israel Daylight Time),181 King George St Eilat Israel,-4226,ksvlvmvn@lqyym.com
892599101,1234567890,Michael,Barak,Sun Jun 16 1946 03:00:00 GMT+0300 (Israel Daylight Time),8 King George St Tel Aviv Israel,-7834,shpyrhll@gmail.com
627030471,1234567890,Joshua,Sharon,Tue Feb 27 1996 02:00:00 GMT+0200 (Israel Standard Time),107 Ibn Gabirol St Jerusalem Israel,-4150,rgbyly@hotmail.com
932921547,1234567890,Rachel,Weiss,Sun May 25 1980 02:00:00 GMT+0200 (Israel Standard Time),31 Ben Yehuda St Haifa Israel,-7895,rvnnmry@hotmail.com
388572414,1234567890,Emily,Sharon,Wed Sep 14 1949 03:00:00 GMT+0300 (Israel Daylight Time),17 Ibn Gabirol St Holon Israel,-1022,mnkhm96@mylr.org
363157132,1234567890,Jacob,Weiss,Thu Apr 04 1985 02:00:00 GMT+0200 (Israel Standard Time),60 Ibn Gabirol St Netanya Israel,-6610,prydmnbytr@khn.biz
723299764,1234567890,Nathan,Peretz,Fri Aug 24 1945 03:00:00 GMT+0300 (Israel Daylight Time),15 Jabotinsky St Tel Aviv Israel,-7762,sdvd@bnymyn-grvs.com
144745890,1234567890,Jacob,Avraham,Fri Apr 16 1971 02:00:00 GMT+0200 (Israel Standard Time),69 Herzl St Eilat Israel,-8470,khsnlvn@lybrmn.com
145389920,1234567890,David,Barak,Thu Aug 01 2002 03:00:00 GMT+0300 (Israel Daylight Time),152 Rothschild St Be'er Sheva Israel,-4951,lvynvm@dnynv-ymyn.org
863727921,1234567890,Jacob,Rosenthal,Sun Sep 26 1937 02:00:00 GMT+0200 (Israel Daylight Time),167 Dizengoff St Haifa Israel,-5633,bbv-snynh@yahoo.com
151970043,1234567890,Emily,Shalev,Fri Mar 31 2000 02:00:00 GMT+0200 (Israel Standard Time),125 King George St Netanya Israel,-5645,bv-kpzyv@gmail.com
367247376,1234567890,Sarah,Sharon,Sat Mar 24 1990 02:00:00 GMT+0200 (Israel Standard Time),147 King George St Rishon LeZion Israel,-6265,rvmymmn@hotmail.com
989943949,1234567890,Joshua,Cohen,Sat Mar 30 1963 02:00:00 GMT+0200 (Israel Daylight Time),124 Dizengoff St Eilat Israel,-728,ymryysqvb@gmail.com
916106792,1234567890,Jacob,Sharon,Sun Dec 08 1946 02:00:00 GMT+0200 (Israel Standard Time),156 Herzl St Haifa Israel,-1789,zkhmdn@shmsh.com
105692875,1234567890,Sarah,Barak,Fri Jul 07 1961 02:00:00 GMT+0200 (Israel Daylight Time),125 Dizengoff St Jerusalem Israel,-1017,yvbdhn@hll.org
433709102,1234567890,Nathan,Mizrahi,Sat Mar 26 1983 02:00:00 GMT+0200 (Israel Standard Time),128 Herzl St Tel Aviv Israel,-2195,tsvpyhbytvn@sl.com
454630377,1234567890,Sarah,Levi,Mon Apr 06 1953 02:00:00 GMT+0200 (Israel Daylight Time),20 Jabotinsky St Jerusalem Israel,-1449,bsybygyl@mshh.com
966793689,1234567890,Emily,Barak,Wed Mar 03 1937 02:00:00 GMT+0200 (Israel Standard Time),83 Jabotinsky St Eilat Israel,-8717,nbvnmnvr@hotmail.com
634246938,1234567890,Daniel,Shalev,Mon Mar 18 1968 02:00:00 GMT+0200 (Israel Standard Time),45 Ibn Gabirol St Tel Aviv Israel,-5803,rbybvtlyh@slh.org
555165703,1234567890,Hannah,Peretz,Tue Dec 05 1950 02:00:00 GMT+0200 (Israel Standard Time),2 Rothschild St Ashdod Israel,-1366,drytmr@hotmail.com
308802339,1234567890,Jacob,Sharon,Sun Nov 26 1967 02:00:00 GMT+0200 (Israel Standard Time),79 Rothschild St Holon Israel,-751,bylshvrts@yahoo.com
830778379,1234567890,Daniel,Avraham,Mon Apr 20 1936 02:00:00 GMT+0200 (Israel Daylight Time),45 Herzl St Haifa Israel,-8421,khlbyzvhr@hrl.com
344906771,1234567890,Jacob,Mizrahi,Tue May 29 1973 02:00:00 GMT+0200 (Israel Standard Time),13 King George St Tel Aviv Israel,-6445,dvdnbr@prydmn.biz
952028470,1234567890,David,Avraham,Mon Oct 26 1970 02:00:00 GMT+0200 (Israel Standard Time),146 Ibn Gabirol St Tel Aviv Israel,-9352,lby49@hotmail.com